# Generated from the local official Mindustry 8 ContentLoader; block-id<TAB>item-id:amount...
181	0:75	1:30
182	1:100	3:50	6:100	9:25
183	0:30	1:25
184	2:80	6:120	9:60	10:35
185	0:60	1:30	3:30
186	1:115	3:60	6:80	9:80
187	1:120	7:75	9:130
188	1:80	7:70	9:80
189	1:65	6:60	9:40
190	0:50	1:25
191	1:30	6:20
192	0:30	1:35	3:45
193	0:30	6:25
194	6:100	7:80	9:150	10:40
195	1:35	9:30
196	0:30	1:25
197	1:30	3:40	6:20
198	1:15	3:5
199	3:80	16:70
200	3:40	9:50	16:130	17:80
201	9:150	16:180	18:60
202	3:80	9:100	16:120	17:120
203	16:30	17:30	18:30
204	16:20	17:50	18:20
205	16:30	18:30	19:30
206	3:10	17:10
207	3:8	12:3
208	3:10	17:15
209	17:15
210	7:150	17:110	18:60
211	3:60	9:40	18:40	19:70
212	3:80	9:100	17:80	18:80
213	9:120	16:140	18:40	19:80
214	7:100	9:100	17:200	19:90
215	3:20	7:80	18:70	19:10
216	0:6
217	0:24
218	6:6
219	6:24
220	2:2	10:5
221	2:8	10:20
222	7:6
223	7:24
224	11:6
225	11:24
226	12:6
227	12:24
228	6:6	9:4
229	6:24	9:16
230	8:6
231	8:24
232	8:54
233	8:96
234	8:96
235	16:6
236	16:24
237	17:6
238	17:24
239	9:24	17:24
240	12:6	17:2
241	12:24	17:8
242	7:6	19:6
243	7:24	19:24
244	11:20	12:12	16:12
245	0:25	1:30
246	0:50	1:100	6:25	9:40
247	1:100	6:75	9:75	10:30
248	1:200	6:130	9:130	10:80	12:120
249	1:100	6:75	9:125
250	1:25	9:12
251	3:50	9:60	16:10
252	7:60	9:150	18:40
253	9:80	16:80	17:60	18:40
254	9:150	12:50	17:100	18:30
257	0:1
258	0:1	1:1	6:1
259	3:1	9:1	10:1
260	2:1	7:1	10:1
261	0:3
262	0:6	1:6
263	1:10	3:10	9:7	11:5
264	0:2	1:2
265	0:2	1:2
266	0:3
267	0:4	1:4
268	0:4	1:2
269	0:4	1:2
270	6:25	9:30
271	1:125	6:125	7:50	9:75
272	16:1
273	16:2	17:1
274	16:10
275	3:8	16:8
276	3:8	16:8
277	16:15
278	3:20	9:20	17:10
279	12:1	17:1
280	12:5	17:1
281	9:80	12:50	18:20
282	9:60	17:60
283	0:15	2:10
284	0:70	2:50	6:35	9:20
285	0:80	2:90	6:40	7:35	9:30
286	2:1
287	2:1	6:2
288	2:1	7:2	10:1
289	2:2	3:4
290	2:15	6:10
291	2:40	6:30
292	2:8	3:4
293	2:8	3:4
294	2:20	6:10	9:7	11:5
295	9:20	16:40	17:30
296	16:2
297	3:4	16:8
298	3:8	16:20
299	3:8	16:4
300	16:16	17:10
301	16:50	17:40
302	0:2	1:6
303	1:10	6:5	9:3
304	1:10	6:7	9:15	12:15
305	2:10	9:10	10:5
306	0:5	1:20
307	1:50	6:20	9:30
308	0:25	1:15
309	0:40	1:50	2:40	3:35	9:35
310	0:35	1:40	3:25	9:30
311	0:70	1:100	2:50	6:50	9:65
312	1:100	7:50	9:75	10:75	11:25
313	1:10	9:8
314	1:60	9:70	11:15
315	1:300	2:50	3:150	7:150	9:200
316	1:500	2:250	3:400	7:100	9:300	12:250
317	16:8
318	9:10	16:30	18:10
319	9:250	11:75	12:75	16:250	18:150	19:75
320	16:60
321	3:40	9:30	17:20	18:40
322	3:100	9:100	18:60	19:60
323	3:240	9:480	12:120	18:80	19:60
324	9:500	11:150	12:200	17:750	18:150	19:300
325	0:12
326	0:18	3:10
327	0:35	3:30	6:20	9:30
328	0:65	6:50	7:75	9:60
329	0:30	1:30	2:30	3:30
330	0:25	1:25	9:10
331	0:150	1:115	3:175	7:115	9:75
332	3:20	16:60
333	3:25	16:20
334	9:80	12:15	16:100	17:50
335	16:40
336	9:100	16:100	17:70	18:25
337	3:60	9:70	16:90
338	7:150	9:300	17:250	18:20
339	0:1000	1:800
340	0:3000	1:3000	9:2000
341	0:8000	1:8000	7:4000	9:5000
342	3:1000	9:1000	16:800
343	9:4000	16:4000	17:3000	18:1000
344	9:5000	16:6000	17:5000	18:3000	19:3000
345	6:100
346	6:250	7:125
347	3:40	17:30
348	7:70	16:100	17:125
349	0:35
350	0:85	1:45
351	0:25	3:22
352	0:40	3:17
353	0:25	1:75	2:45
354	0:60	1:70	6:30	9:60
355	0:50	1:50
356	3:50	6:110	9:160
357	3:35	6:35	9:30	10:45
358	0:100	3:80	6:50
359	6:40	7:80	9:130	11:40
360	1:400	2:100	6:250	7:100
361	0:225	3:225	7:100
362	0:150	3:135	6:60
363	0:200	6:125	10:80
364	0:1000	2:600	9:600	10:200	12:300
365	0:900	3:300	7:250	10:175	12:250
366	0:1200	1:350	3:300	9:325	12:325
367	3:125	9:150	16:150
368	3:200	9:200	16:150	17:50
369	9:200	16:400	17:150	18:40
370	7:400	9:300	17:250
371	7:50	9:200	16:350	18:50
372	3:250	9:200	12:100	18:40
373	3:200	9:250	18:50	19:90
374	3:400	9:450	17:500	18:100	19:200
375	9:800	11:300	12:400	18:200	19:500
376	3:500	9:500	11:200	16:1000	19:200
377	0:50	1:120	9:80
378	0:60	1:70	9:60
379	0:150	1:130	2:120
380	0:200	1:120	9:90
381	1:650	6:350	7:650	9:450
382	1:2000	6:2000	7:750	9:1000	10:450	11:600
383	1:4000	7:1000	9:3000	10:600	11:600	12:800
384	0:30	1:30	9:20
385	7:80	9:90	10:60
386	9:200	16:150
387	9:250	16:200
388	9:200	16:250	17:10
389	9:100	16:200	17:80
390	9:150	16:250	17:120	18:15
391	9:150	16:250	17:175
392	7:250	9:400	17:200	18:200
393	7:500	9:650	18:150	19:80
394	7:400	9:900	17:550	18:200	19:100
395	7:600	9:1000	17:550	18:200	19:200
396	7:500	11:400	18:250	19:300
397	3:90	9:90	17:80
398	0:10	3:10
399	0:10	3:15
400	17:10
401	17:15
402	3:20	9:50	17:40
403	3:100	9:200	11:20	17:200	18:30
404	3:80	9:100	16:100	18:40
405	9:250	16:250	18:100	19:50
406	9:50	16:75	17:40
407	7:80	9:150	17:200	18:100
408	3:80	9:160	17:90
409	3:140	9:220	17:180
419	1:8	3:12	9:8
425	0:350	1:200	6:150	9:140
426	0:350	1:300	6:200	9:250
427	0:200	3:100	6:100
428	0:16000	6:12000	7:13000	9:11000	11:5000	12:6000
429	0:5	3:5
430	0:5	3:5
431	0:90	1:50	9:50
432	1:320	3:60	7:50	9:80
433	1:450	7:75	9:150	12:50
434	0:30	3:30	9:30
435	0:30	3:80	9:80	11:30
436	1:100	2:50	9:50
437	1:200	2:100	9:150	11:75
438	1:8	2:8	9:8	11:3
439	9:10	16:10
440	9:15	12:5	16:15
441	3:10	16:5
