# unit_id	build_time	item:amount...
0	14.0	1:10	9:10
1	86.0	1:10	3:40	9:50
2	330.0	1:10	2:40	3:40	6:80	9:180
3	2605.0	1:10	2:40	3:40	6:830	9:1030	10:650
4	5240.0	1:10	2:40	3:40	6:830	9:2030	10:1250	11:350	12:500
5	57.0	1:20	6:20	9:30
6	129.0	1:20	3:40	6:20	9:70
7	373.0	1:20	2:40	3:40	6:100	9:200
8	2648.0	1:20	2:40	3:40	6:850	9:1050	10:650
9	5283.0	1:20	2:40	3:40	6:850	9:2050	10:1250	11:350	12:500
10	15.4	5:10	9:8
11	87.4	3:40	5:10	9:48
12	331.40002	2:40	3:40	5:10	6:80	9:178
13	2606.4	2:40	3:40	5:10	6:830	9:1028	10:650
14	5241.4	2:40	3:40	5:10	6:830	9:2028	10:1250	11:350	12:500
15	11.0	9:15
16	83.0	3:40	9:55
17	327.0	2:40	3:40	6:80	9:185
18	2602.0	2:40	3:40	6:830	9:1035	10:650
19	5237.0	2:40	3:40	6:830	9:2035	10:1250	11:350	12:500
20	33.5	1:15	9:30
21	105.5	1:15	3:40	9:70
22	349.5	1:15	2:40	3:40	6:80	9:200
23	2624.5	1:15	2:40	3:40	6:830	9:1050	10:650
24	5259.5	1:15	2:40	3:40	6:830	9:2050	10:1250	11:350	12:500
25	67.5	2:35	9:20
26	139.5	2:35	3:40	9:60
27	383.5	2:75	3:40	6:80	9:190
28	2658.5	2:75	3:40	6:830	9:1040	10:650
29	5293.5	2:75	3:40	6:830	9:2040	10:1250	11:350	12:500
30	31.0	6:20	9:15
31	103.0	3:40	6:20	9:55
32	347.0	2:40	3:40	6:100	9:185
33	2622.0	2:40	3:40	6:850	9:1035	10:650
34	5257.0	2:40	3:40	6:850	9:2035	10:1250	11:350	12:500
